Mon Dec  1 07:12:30 UTC 2025
Tue Dec  2 02:21:11 UTC 2025
Tue Dec  2 11:04:00 UTC 2025
Wed Dec  3 02:20:54 UTC 2025
Thu Dec  4 02:21:48 UTC 2025
Fri Dec  5 02:21:44 UTC 2025
Sat Dec  6 02:15:08 UTC 2025
Sun Dec  7 02:31:40 UTC 2025
Mon Dec  8 02:22:41 UTC 2025
Tue Dec  9 02:21:55 UTC 2025
Wed Dec 10 02:24:03 UTC 2025
Thu Dec 11 02:26:02 UTC 2025
Fri Dec 12 02:25:16 UTC 2025
Sat Dec 13 02:18:15 UTC 2025
Sun Dec 14 02:32:38 UTC 2025
Mon Dec 15 02:30:18 UTC 2025
Tue Dec 16 02:26:05 UTC 2025
Wed Dec 17 02:21:16 UTC 2025
Thu Dec 18 02:22:05 UTC 2025
Fri Dec 19 02:25:13 UTC 2025
Sat Dec 20 02:17:49 UTC 2025
Sun Dec 21 02:32:30 UTC 2025
Mon Dec 22 02:31:50 UTC 2025
